X,Y,id,enabled,installdat,type,elevation,watertype,diameter,comment,model,status,mfg,surveyelev,globalid,creationda,creator,editdate,editor,icon_url
-104.816252158469,40.4776798829143,ARV1,Yes,,Manual,0,Potable,"8",,,Active,,,d8f51335-c195-4d9a-85f1-1a1d9a201702,2020/08/28,lkoons,2020/08/28,lkoons,./0.png
-104.793700539571,40.5323138207452,ARV45,Yes,,Manual,4896.71,Potable,"2",,,Active,,,d9537af8-fbba-4a72-879b-5102fef7b106,2020/08/28,lkoons,2020/08/28,lkoons,./0.png
-104.747609016526,40.5101292460837,ARV46,Yes,,Manual,0,Potable,"1",,,Active,,,26778437-d672-4f3b-9608-b7a85ea08ebd,2020/08/28,lkoons,2020/08/28,lkoons,./0.png
-104.773684940903,40.5483208814849,ARV47,Yes,,Manual,4954.67,Potable,"6",,,Active,,,af1ea29f-ff34-418e-be95-a44db7c6f5af,2020/08/28,lkoons,2020/08/28,lkoons,./0.png
-104.933202634892,40.5956962982128,ARV96,Yes,,Auto,5095.41,Potable,"1",,,Active,,,ec8f0640-52a3-4404-ac1c-d2d1712035dc,2020/08/28,lkoons,2020/08/28,lkoons,./0.png
-104.792563019447,40.5818667699692,ARV97,Yes,,Manual,5041.8,Potable,"1",,,Retired,,,45782e18-3d00-4088-a10c-3a6056e2b8fa,2020/08/28,lkoons,2020/08/28,lkoons,./1.png
-104.792466955362,40.576867776306,ARV98,Yes,,Manual,5020.03,Potable,"1",,,Retired,,,65d1c53c-7982-4311-b59e-8d04f2ccf6dd,2020/08/28,lkoons,2020/08/28,lkoons,./1.png
-104.773684940903,40.5483208814849,ARV99,Yes,,Manual,4954.67,Potable,"1",,,Active,,,dc9af53c-0ce5-4e0f-b614-bf3ef0173af7,2020/08/28,lkoons,2020/08/28,lkoons,./0.png
-104.80475570481,40.5675260534318,ARV100,Yes,,Manual,4966.13,Potable,"1",,,Active,,,66e57721-3da9-439a-84b9-4df14f8edfbf,2020/08/28,lkoons,2020/08/28,lkoons,./0.png
-104.827991613727,40.5671511651008,ARV101,Yes,,Manual,5060.75,Potable,"1",,,Active,,,1a52cec8-d646-4c2c-a23a-95000e7e8bc4,2020/08/28,lkoons,2020/08/28,lkoons,./0.png
-104.826426569732,40.4657971466695,ARV2,Yes,,Manual,0,Potable,Unknown,,,Active,,,7ab4b746-55a7-48cf-a7af-4c1a5ab5bfa2,2020/08/28,lkoons,2020/08/28,lkoons,./0.png
-104.78762006155,40.4519228763915,ARV3,Yes,,Manual,4721.43,Potable,"6",,,Active,,,444fb668-3b2f-4ce2-9517-705142c32a53,2020/08/28,lkoons,2020/08/28,lkoons,./0.png
-104.787725936631,40.4375200945156,ARV4,Yes,,Auto,4771.54,Potable,"3",,,Active,,,9a4dab6c-b499-471a-958a-1456bb00ad23,2020/08/28,lkoons,2020/08/28,lkoons,./0.png
-104.792822101523,40.4347109066352,ARV5,Yes,,Manual,0,Potable,Unknown,,,Active,,,1672833e-8067-4d89-bfbb-fde736e8934c,2020/08/28,lkoons,2020/08/28,lkoons,./0.png
-104.759600878387,40.4810027557078,ARV6,Yes,,Manual,4764.23,Potable,"8",,,Active,,,fac96156-95ff-484e-8ecf-1dee6f1ed92f,2020/08/28,lkoons,2020/08/28,lkoons,./0.png
-104.811672424479,40.5040159446019,ARV7,Yes,,Manual,0,Potable,"1",,,Active,,,fabf2f25-646e-47a5-86b3-8412d06b31b9,2020/08/28,lkoons,2020/08/28,lkoons,./0.png
-104.809480074917,40.5094758796497,ARV8,Yes,,Manual,4850.02,Potable,"3",,,Active,,,f5b3d9f2-94ea-4321-ad7a-3823457f370e,2020/08/28,lkoons,2020/08/28,lkoons,./0.png
-104.829002448303,40.523544231399,ARV9,Yes,,Manual,4904.99,Potable,"2",,,Active,,,eb9e5664-05ec-4ea4-b948-cf857aaf7aa9,2020/08/28,lkoons,2020/08/28,lkoons,./0.png
-104.850791102359,40.5377942761853,ARV10,Yes,,Manual,4935.92,Potable,"8",,,Active,,,bbfb513d-7cbe-4e8e-8231-9fafb1c9113a,2020/08/28,lkoons,2020/08/28,lkoons,./0.png
-104.629989077947,40.4934581552569,ARV11,Yes,,Auto,4769.39,Potable,"1",,,Active,,,d33bf985-0eab-4a2a-a65e-3b566aa2bd82,2020/08/28,lkoons,2020/08/28,lkoons,./0.png
-104.693509851365,40.5382214259772,ARV12,Yes,,Auto,0,Potable,"1",,,Active,,,56c8fb4d-3d84-400a-b4b2-e2f1c2191d7f,2020/08/28,lkoons,2020/08/28,lkoons,./0.png
-104.689470786634,40.5093779941187,ARV13,Yes,,Manual,4795.17,Potable,"6",,,Active,,,6e07c60f-ed8d-4c78-84c3-8219ffea7096,2020/08/28,lkoons,2020/08/28,lkoons,./0.png
-104.869893696074,40.5459726548918,ARV14,Yes,,Manual,4949.21,Potable,"2.5",,,Active,,,600725dc-9958-4413-815e-2fcdd97f52c9,2020/08/28,lkoons,2020/08/28,lkoons,./0.png
-104.869800993802,40.5374563873488,ARV15,Yes,,Manual,4949.07,Potable,"12",,,Active,,,ee90fff5-48d1-49f4-ad53-280946ee5d8c,2020/08/28,lkoons,2020/08/28,lkoons,./0.png
-104.8700342526,40.5269153996497,ARV16,Yes,,Manual,4956.01,Potable,"12",,,Active,,,ce5d42ee-4100-4fbd-9887-556547934332,2020/08/28,lkoons,2020/08/28,lkoons,./0.png
-104.870360772498,40.5524980490473,ARV17,Yes,,Manual,4878.32,Potable,Unknown,,,Active,,,51e10fcd-0e58-4267-bf2d-3c5ee544cf2b,2020/08/28,lkoons,2020/08/28,lkoons,./0.png
-104.715783560519,40.6115046216418,ARV18,Yes,,Auto,4962.98,Potable,"1",,,Active,,,27f3d8db-24b0-4fc4-bfd6-ff4772cf2864,2020/08/28,lkoons,2020/08/28,lkoons,./0.png
-104.910371374122,40.5809436568616,ARV19,Yes,,Manual,5136.26,Potable,Unknown,,,Retired,,,d11463ff-f4ab-4be3-b1f2-1954aabcc99d,2020/08/28,lkoons,2020/08/28,lkoons,./1.png
-104.910308277542,40.5809356182741,ARV20,Yes,,Manual,5135.64,Potable,Unknown,,,Retired,,,60d85fb1-1902-4945-b597-4a564b920756,2020/08/28,lkoons,2020/08/28,lkoons,./1.png
-104.906978351004,40.5890103848573,ARV21,Yes,,Auto,5205.22,Potable,"2.5",,,Active,,,83408f05-0c6f-4a6e-bcc5-1f0b4bb3b3c0,2020/08/28,lkoons,2020/08/28,lkoons,./0.png
-104.861493653409,40.5233446437429,ARV22,Yes,,Manual,0,Potable,"1",,,Active,,,f97683dc-0e74-40f3-a5be-f991d407152f,2020/08/28,lkoons,2020/08/28,lkoons,./0.png
-104.931168739054,40.534655115702,ARV23,Yes,,Manual,5264.88,Potable,"1",,,Active,,,ab3bb18c-3601-4dc8-b316-bfc74cc49a49,2020/08/28,lkoons,2020/08/28,lkoons,./0.png
-104.884174524993,40.5525169054635,ARV24,Yes,,Manual,5020.27,Potable,"20",,,Active,,,3cfea618-c89d-45bc-86a6-fe5367301ff6,2020/08/28,lkoons,2020/08/28,lkoons,./0.png
-104.979750624676,40.5807899773701,ARV25,Yes,,Manual,4967.28,Potable,"24",,,Active,,,7e6fd8af-1fca-49a4-b8d5-ab6e60511f56,2020/08/28,lkoons,2020/08/28,lkoons,./0.png
-104.927139369249,40.5814285970074,ARV26,Yes,,Manual,5053.08,Potable,"1",,,Active,,,430b9648-813e-42a1-b9bd-0da4e59ba10b,2020/08/28,lkoons,2020/08/28,lkoons,./0.png
-104.93178787555,40.5812324741253,ARV27,Yes,,Manual,5042.4,Potable,"24",,,Active,,,6fe11702-ad9d-4343-a302-10ddbc791ceb,2020/08/28,lkoons,2020/08/28,lkoons,./0.png
-104.938686441184,40.5809562957477,ARV28,Yes,,Manual,5031.35,Potable,"1",,,Active,,,26183042-2f02-406e-acbe-1b5018857aa0,2020/08/28,lkoons,2020/08/28,lkoons,./0.png
-104.9625332282,40.5808465886371,ARV29,Yes,,Manual,4999.62,Potable,"24",,,Active,,,d54562bb-0b00-43e3-ba5b-8f10d2727182,2020/08/28,lkoons,2020/08/28,lkoons,./0.png
-104.971400780083,40.5811497875136,ARV30,Yes,,Manual,4975.93,Potable,"24",,,Active,,,500fb66b-b1aa-4840-a5ad-810a15b701bf,2020/08/28,lkoons,2020/08/28,lkoons,./0.png
-104.978624436744,40.5807919081709,ARV31,Yes,,Manual,4981.55,Potable,"24",,,Active,,,a0f5bb3a-c64c-43f4-aa15-ac31ae420574,2020/08/28,lkoons,2020/08/28,lkoons,./0.png
-105.056940261582,40.5888858198152,ARV32,Yes,,Manual,4937.25,Potable,"1",,,Active,,,2769d0a3-dfb7-4ecd-82ea-e9b1c9880a80,2020/08/28,lkoons,2020/08/28,lkoons,./0.png
-104.908152089724,40.5266677084271,ARV33,Yes,,Manual,4919.05,Potable,"12",,,Active,,,98b258d9-f672-41f9-ae65-5ec3eda99b3a,2020/08/28,lkoons,2020/08/28,lkoons,./0.png
-104.926764835417,40.5885722036913,ARV34,Yes,,Manual,5085.35,Potable,Unknown,,,Active,,,ebdac963-100e-4351-ba12-b2d9e6015953,2020/08/28,lkoons,2020/08/28,lkoons,./0.png
-104.92674447165,40.5893155256688,ARV35,Yes,,Manual,5094,Potable,"24",,,Active,,,a93055cd-496e-443c-bdbe-7b4cbbddabb8,2020/08/28,lkoons,2020/08/28,lkoons,./0.png
-104.888202164269,40.5090135537597,ARV36,Yes,2003/02/01,Auto,4895.55,Potable,"3",,,Active,,,f65cd78d-992d-4d25-b327-0f2d592cf945,2020/08/28,lkoons,2020/08/28,lkoons,./0.png
-104.888868547479,40.5088016314833,ARV37,Yes,2003/05/01,Auto,4888.16,Potable,"1",,,Active,,,fb72dfde-e3fc-4f76-8e06-7afff49202e4,2020/08/28,lkoons,2020/08/28,lkoons,./0.png
-104.908204129712,40.5198097322779,ARV38,Yes,2003/02/01,Auto,4915.82,Potable,"3",,,Active,,,2a1d5e0c-8146-43c8-a853-1e1bf0bd3193,2020/08/28,lkoons,2020/08/28,lkoons,./0.png
-104.908297536389,40.5303300691229,ARV39,Yes,2003/02/01,Auto,4921.42,Potable,"3",,,Active,,,e96f2d17-f6db-493d-be4c-91c3c30c4f21,2020/08/28,lkoons,2020/08/28,lkoons,./0.png
-104.879626445008,40.515721915864,ARV41,Yes,,Manual,4983.51,Potable,"1",,,Active,,,ac2f236d-cad5-4cb8-b5e9-3b4142c51655,2020/08/28,lkoons,2020/08/28,lkoons,./0.png
-104.870083292303,40.5137148068261,ARV42,Yes,,Manual,4927.01,Potable,"1",,,Active,,,f3bdd7a1-f4e8-4522-ba78-6d46f84d4080,2020/08/28,lkoons,2020/08/28,lkoons,./0.png
-104.776837865533,40.5240473226073,ARV43,Yes,,Manual,4861.49,Potable,"2.5",,,Active,,,12837785-afcf-45eb-8b39-8b12578ac77d,2020/08/28,lkoons,2020/08/28,lkoons,./0.png
-104.774260735895,40.5372141379729,ARV44,Yes,,Manual,4935.48,Potable,"4",,,Active,,,7d612c50-b662-4652-8db2-13b974e5167c,2020/08/28,lkoons,2020/08/28,lkoons,./0.png
-104.725279601047,40.4812461695049,ARV48,Yes,,Manual,4772.37,Potable,"6",,,Active,,,a4ab7fe2-a620-4d19-bae7-3d5ef25a8005,2020/08/28,lkoons,2020/08/28,lkoons,./0.png
-104.731665198093,40.4812217118913,ARV49,Yes,,Manual,4773.65,Potable,"6",,,Active,,,a9553f26-b280-4b46-863c-e73015627261,2020/08/28,lkoons,2020/08/28,lkoons,./0.png
-104.722162393698,40.4812050858399,ARV50,Yes,,Manual,4754.73,Potable,"6",,,Active,,,f1063082-2139-454d-9899-25f2f08734c1,2020/08/28,lkoons,2020/08/28,lkoons,./0.png
-104.735017267264,40.490573569755,ARV51,Yes,,Manual,4820.9,Potable,"6",,,Active,,,3df57281-d09f-4b48-abc1-85d2ad607ac8,2020/08/28,lkoons,2020/08/28,lkoons,./0.png
-105.154952092046,40.5902424022511,ARV52,Yes,,Manual,5205.8047,Potable,Unknown,,,Active,,,8b558bda-ae97-4a56-bc24-9d886d6c829e,2020/08/28,lkoons,2020/08/28,lkoons,./0.png
-105.158630968606,40.5919272808096,ARV53,Yes,,Manual,5220.5292,Potable,Unknown,,,Active,,,403611e5-5b80-466d-b236-e3bc42936100,2020/08/28,lkoons,2020/08/28,lkoons,./0.png
-104.832309053402,40.5809736934544,ARV54,Yes,,Auto,0,Potable,"1",,,Active,,,d1851156-72ba-4241-a56a-a0c304a4209f,2020/08/28,lkoons,2020/08/28,lkoons,./0.png
-104.907501142811,40.5110998315395,ARV55,Yes,,Auto,0,Potable,"1",,,Active,,,387abfa6-edfa-4369-a486-cb09faaafc98,2020/08/28,lkoons,2020/08/28,lkoons,./0.png
-104.975554871362,40.6432445680205,ARV56,Yes,,Manual,5184.2,Potable,"8",,,Active,,,6ebf7256-a628-4b8e-8d3e-24f91bce0e86,2020/08/28,lkoons,2020/08/28,lkoons,./0.png
-104.841300834131,40.5378848117104,ARV57,Yes,,Manual,4954.04,Potable,"20",,,Active,,,6c3db038-77fd-42a7-9cb0-b8847a2920dc,2020/08/28,lkoons,2020/08/28,lkoons,./0.png
-104.807927121679,40.5382110617362,ARV58,Yes,,Manual,4903.15,Potable,"20",,,Active,,,4a0a7a97-b0bd-4572-895c-de4039d976e6,2020/08/28,lkoons,2020/08/28,lkoons,./0.png
-104.820063220286,40.5380556621064,ARV59,Yes,,Manual,4926.85,Potable,"20",,,Active,,,10acb570-56dd-4228-8e0b-879c2111fc4e,2020/08/28,lkoons,2020/08/28,lkoons,./0.png
-104.832785820749,40.5379225606951,ARV60,Yes,,Manual,4954.6,Potable,"20",,,Active,,,ab1d27f7-ef2c-47c7-b3a3-c827fb5ccecb,2020/08/28,lkoons,2020/08/28,lkoons,./0.png
-104.771519800758,40.5385622809925,ARV61,Yes,,Manual,4937.85,Potable,"20",,,Active,,,db26c43d-8675-4e7e-8427-e8b5557495e6,2020/08/28,lkoons,2020/08/28,lkoons,./0.png
-104.755540137902,40.5266812719031,ARV62,Yes,,Manual,4893.01,Potable,"2",,,Active,,,39c2063a-1f0e-4979-b3e3-9fa3e8b071b0,2020/08/28,lkoons,2020/08/28,lkoons,./0.png
-104.744736053822,40.5389719522424,ARV63,Yes,,Manual,4865.88,Potable,"20",,,Active,,,11341065-c933-4772-b2d4-aa372e44f06c,2020/08/28,lkoons,2020/08/28,lkoons,./0.png
-104.753343067786,40.5533935016236,ARV64,Yes,,Manual,0,Potable,"1",,,Active,,,d1d4d3b0-f0b6-4d2a-971e-efdeebcb63a5,2020/08/28,lkoons,2020/08/28,lkoons,./0.png
-104.971510380957,40.6243514185471,ARV65,Yes,,Auto,0,Potable,Unknown,,,Active,,,30ebf330-fb98-4528-86c8-0b3c737b9a44,2020/08/28,lkoons,2020/08/28,lkoons,./0.png
-104.946785383922,40.6244134884126,ARV66,Yes,,Auto,0,Potable,Unknown,,,Active,,,0aebbc76-2998-4c6a-a3a5-c645c2093876,2020/08/28,lkoons,2020/08/28,lkoons,./0.png
-104.96303299185,40.62296483989,ARV67,Yes,,Auto,5150.84,Potable,Unknown,,,Active,,,03d34a22-c3c7-4a42-9f8e-d8418e78ec3b,2020/08/28,lkoons,2020/08/28,lkoons,./0.png
-104.963062160364,40.6169012577784,ARV68,Yes,,Auto,5125.44,Potable,Unknown,,,Active,,,aaf87742-4aca-42d8-a9cd-93548022f494,2020/08/28,lkoons,2020/08/28,lkoons,./0.png
-104.714370290652,40.481116956466,ARV69,Yes,,Manual,0,Potable,Unknown,,,Active,,,6c5d06c6-c66a-47ea-a0f6-0b1457cafe96,2020/08/28,lkoons,2020/08/28,lkoons,./0.png
-104.678307835996,40.4787075245587,ARV70,Yes,,Auto,4735.3,Potable,"1",,,Active,,,7230f822-9f89-42f2-b95e-799a1166d402,2020/08/28,lkoons,2020/08/28,lkoons,./0.png
-104.879532082804,40.5156851823531,ARV71,Yes,,Auto,0,Potable,"1",,,Active,,,34cf1d00-ef49-4461-86a5-37a7885de74b,2020/08/28,lkoons,2020/08/28,lkoons,./0.png
-104.70198795104,40.6257542470257,ARV72,Yes,,Manual,5037.47,Potable,"1",,,Active,,,1990c2f4-de31-4ce1-a120-3687cd9eecd8,2020/08/28,lkoons,2020/08/28,lkoons,./0.png
-104.918005227224,40.6394864689046,ARV73,Yes,,Auto,5202.98,Potable,"1",,,Active,,,bcecaaed-08a4-4d99-8d26-47697c30a746,2020/08/28,lkoons,2020/08/28,lkoons,./0.png
-104.914340407642,40.6396350276213,ARV74,Yes,,Auto,5170.99,Potable,"1",,,Active,,,f66b2243-95e4-4662-bace-e9db00c2e801,2020/08/28,lkoons,2020/08/28,lkoons,./0.png
-104.911630727879,40.6397473570563,ARV75,Yes,,Auto,5164.28,Potable,"1",,,Active,,,cfc975f9-c68e-458c-9a66-dd1b2dc121c3,2020/08/28,lkoons,2020/08/28,lkoons,./0.png
-104.939017664515,40.6387808921216,ARV76,Yes,,Auto,5312.26,Potable,"1",,,Active,,,eb268f19-bc4d-42cb-ac0c-33930ac36d97,2020/08/28,lkoons,2020/08/28,lkoons,./0.png
-104.905418611703,40.6399515241406,ARV77,Yes,,Auto,5194.11,Potable,"1",,,Active,,,b6db8705-7419-4b91-85c4-bad17d4398ef,2020/08/28,lkoons,2020/08/28,lkoons,./0.png
-104.891909882575,40.6399723674626,ARV78,Yes,,Auto,5196.18,Potable,"1",,,Active,,,a406965d-9084-4cb8-9ac9-7f699793b0b9,2020/08/28,lkoons,2020/08/28,lkoons,./0.png
-104.887450566074,40.6497986766891,ARV79,Yes,,Auto,5304.69,Potable,"1",,,Active,,,aafc6eee-e2d7-4ff2-a6a3-6808012f6ff1,2020/08/28,lkoons,2020/08/28,lkoons,./0.png
-104.936933333956,40.6388199956656,ARV80,Yes,,Auto,5310.87,Potable,"1",,,Active,,,798e6091-fefa-40a7-a881-2696ce1d67ef,2020/08/28,lkoons,2020/08/28,lkoons,./0.png
-104.508021693385,40.4156976362297,ARV81,Yes,2003/08/15,Auto,4604.11,Potable,"1",,,Active,,,1c899380-db9d-4b3c-bc75-4215050a1361,2020/08/28,lkoons,2020/08/28,lkoons,./0.png
-104.508055937952,40.4161315808995,ARV82,Yes,2003/08/01,Auto,0,Potable,"1",,,Active,,,a4d9235d-5587-4a6e-9ddd-599607e353e9,2020/08/28,lkoons,2020/08/28,lkoons,./0.png
-104.944317465427,40.5953015314556,ARV85,Yes,,Auto,5070.57,Potable,"1",,,Active,,,2d8d0b3a-b1d1-4d97-9ead-4e479371eacb,2020/08/28,lkoons,2020/08/28,lkoons,./0.png
-104.944324888745,40.595301763226,ARV86,Yes,,Auto,0,Potable,"1",,,Active,,,bf22e795-b403-439e-88d7-65cb7685ba74,2020/08/28,lkoons,2020/08/28,lkoons,./0.png
-104.841259798088,40.574215556485,ARV87,Yes,,Auto,5069.1537,Potable,"1",,,Active,,,1fb6524b-58e6-49e3-8194-01c699162b3e,2020/08/28,lkoons,2020/08/28,lkoons,./0.png
-104.82195711484,40.567182120395,ARV102,Yes,,Manual,5028.7,Potable,"1",,,Active,,,fda64c5b-ced3-458e-bf71-3f6835c41a13,2020/08/28,lkoons,2020/08/28,lkoons,./0.png
-104.785411210297,40.5679022453705,ARV103,Yes,,Auto,5007.79,Potable,"1",,,Active,APCO,,b7c0b2e2-aa05-4e73-a38c-8112501108aa,2020/08/28,lkoons,2020/08/28,lkoons,./0.png
-104.821547274277,40.6252376782062,ARV104,Yes,,Auto,5211.17,Potable,"1",,,Active,,,b32dcab8-13ab-43d9-8217-9a3f55f06754,2020/08/28,lkoons,2020/08/28,lkoons,./0.png
-104.792186803884,40.6076537597233,ARV105,Yes,,Manual,5040.87,Potable,"1",,,Active,,,76669701-2f61-43a9-bc5c-1e499086feb0,2020/08/28,lkoons,2020/08/28,lkoons,./0.png
-104.808708793877,40.5965587507514,ARV106,Yes,,Manual,5085.34,Potable,"1",,,Active,,,78ba2e07-33c6-4533-9bd5-2a1f7f52f0e5,2020/08/28,lkoons,2020/08/28,lkoons,./0.png
-104.803815425345,40.5965586683119,ARV107,Yes,,Auto,5086.23,Potable,"1",,,Active,,,707a6ffe-deb2-4b7c-8711-55e03df4ff63,2020/08/28,lkoons,2020/08/28,lkoons,./0.png
-104.926140248294,40.6216694250398,ARV108,Yes,,Auto,5257.43,Potable,"1",,,Active,,,44637a07-01f4-4bc4-8bc8-6fbf632b72f9,2020/08/28,lkoons,2020/08/28,lkoons,./0.png
-104.914497561521,40.5525938864034,ARV109,Yes,,Manual,4992.2,Potable,"1",,,Active,,,7b9aca63-2c15-4ca7-9525-433aa73461bc,2020/08/28,lkoons,2020/08/28,lkoons,./0.png
-104.699513317739,40.5388999100976,ARV110,Yes,,Auto,4874.85,Potable,"1",,,Active,,,2ba683fb-d504-4a87-a071-a4f9a86dad9e,2020/08/28,lkoons,2020/08/28,lkoons,./0.png
-104.691113086993,40.5386196710922,ARV111,Yes,,Manual,4891.93,Potable,"1",,,Active,,,2d4c5b6b-2118-42cc-9746-0e14899d944c,2020/08/28,lkoons,2020/08/28,lkoons,./0.png
-104.754355373294,40.5548028688935,ARV112,Yes,,Manual,4914.57,Potable,"1",,,Active,,,d8c94fbf-5d6c-4501-80d7-c016efa1c4ad,2020/08/28,lkoons,2020/08/28,lkoons,./0.png
-104.754367029866,40.5578443480861,ARV113,Yes,,Manual,4908.89,Potable,"1",,,Active,,,5f97dc66-84c5-4ee8-b4e2-b85b3f2ba2c1,2020/08/28,lkoons,2020/08/28,lkoons,./0.png
-104.754367029866,40.5578443480861,ARV114,Yes,,Manual,4908.89,Potable,"1",,,Active,,,8b3ae5f1-e9b4-41d1-bf63-a8ded7318569,2020/08/28,lkoons,2020/08/28,lkoons,./0.png
-104.763402550367,40.5826938143971,ARV115,Yes,,Manual,4945.89,Potable,"1",,,Active,,,90e55b6e-5324-4970-b709-3cb71e32ff24,2020/08/28,lkoons,2020/08/28,lkoons,./0.png
-104.756581589668,40.5826898504925,ARV116,Yes,,Manual,4945.94,Potable,"1",,,Active,,,c928858a-547f-4333-bbfd-9c022ee7ee64,2020/08/28,lkoons,2020/08/28,lkoons,./0.png
-104.74852390976,40.5825771110542,ARV117,Yes,,Manual,4944.49,Potable,"1",,,Active,,,d4a93eec-f464-453b-a23d-d0aa2c975c6d,2020/08/28,lkoons,2020/08/28,lkoons,./0.png
-104.756784141025,40.6400844192223,ARV118,Yes,,Manual,5051.86,Potable,"1",,,Active,,,11d0c64b-42b0-4fd0-9a4c-a67c95935c66,2020/08/28,lkoons,2020/08/28,lkoons,./0.png
-104.789689709679,40.6402596119267,ARV119,Yes,,Manual,5068.22,Potable,"1",,,Active,,,2a33be57-cf1d-48b7-8647-e696c74797d8,2020/08/28,lkoons,2020/08/28,lkoons,./0.png
-104.78820631631,40.6402541109723,ARV120,Yes,,Manual,5063.02,Potable,Unknown,,,Active,,,c7537861-6d36-4d37-a8fd-071c385453e3,2020/08/28,lkoons,2020/08/28,lkoons,./0.png
-104.791957044662,40.6384575961929,ARV121,Yes,,Manual,5054.98,Potable,"1",,,Active,,,a7701b00-5b26-4694-b298-dc5092e81591,2020/08/28,lkoons,2020/08/28,lkoons,./0.png
-104.791997982513,40.6352085528259,ARV122,Yes,,Manual,5065.55,Potable,"1",,,Active,,,6dbe136f-d5c2-41cf-87f7-79e8123bbffe,2020/08/28,lkoons,2020/08/28,lkoons,./0.png
-104.79203207739,40.6314377558012,ARV123,Yes,,Manual,5071.37,Potable,"1",,,Active,,,ba30dc98-3a99-4803-a42e-68e9634a14b9,2020/08/28,lkoons,2020/08/28,lkoons,./0.png
-104.792056171141,40.6292712618073,ARV124,Yes,,Manual,5062.98,Potable,"1",,,Active,,,f49ac40d-48fc-410e-a66b-7e79c00377b5,2020/08/28,lkoons,2020/08/28,lkoons,./0.png
-104.792015582991,40.6644619145888,ARV125,Yes,,Manual,5159.22,Potable,"1",,,Active,,,d7ca937c-f71f-4465-806f-a85fc70d62cb,2020/08/28,lkoons,2020/08/28,lkoons,./0.png
-104.791965320875,40.6433755847759,ARV126,Yes,,Manual,5078.94,Potable,"1",,,Active,,,ad111eb9-dfe7-4c7c-9673-ec46bce8448f,2020/08/28,lkoons,2020/08/28,lkoons,./0.png
-104.802216959667,40.5529755969271,ARV127,Yes,,Manual,4925.83,Potable,"2.5",,,Active,,,a835c0d1-086b-422d-a8b0-745c665a23b4,2020/08/28,lkoons,2020/08/28,lkoons,./0.png
-104.792184862279,40.5531088477895,ARV128,Yes,,Manual,4945.94,Potable,"2",,,Active,,,db2b1e55-be3b-4ff8-839e-251c9711171c,2020/08/28,lkoons,2020/08/28,lkoons,./0.png
-104.695968523377,40.6114559443081,ARV129,Yes,,Manual,4949.92,Potable,Unknown,,,Active,,,322b974d-f1f6-4a3c-8f20-c1af0218f373,2020/08/28,lkoons,2020/08/28,lkoons,./0.png
-104.83192052023,40.5891968599477,ARV130,Yes,,Manual,5151.59,Potable,"1",,,Active,,,1be41c36-f549-4ae2-bc5c-0ca04bed8489,2020/08/28,lkoons,2020/08/28,lkoons,./0.png
-105.075962263641,40.5933122729051,ARV131,Yes,,Manual,4972.5122,Potable,"1",,,Active,,,aaa43d7b-149d-4360-869c-452582016cdb,2020/08/28,lkoons,2020/08/28,lkoons,./0.png
-105.000681370634,40.5838831726111,ARV132,Yes,,Manual,4934.27,Potable,"1",,,Active,,,35f50ed7-cb8a-485a-a897-39227ef572d4,2020/08/28,lkoons,2020/08/28,lkoons,./0.png
-104.532299536734,40.4137925241343,ARV133,Yes,,Manual,4616.41,Potable,"2.5",,,Active,,,e06bc1cd-105a-47bb-89e3-d8ddcdcaccd4,2020/08/28,lkoons,2020/08/28,lkoons,./0.png
-105.056940261582,40.5888858198152,ARV134,Yes,,Manual,4937.26,Potable,"1",,,Active,,,feba67cf-cb57-4335-b37c-a670f5d3c695,2020/08/28,lkoons,2020/08/28,lkoons,./0.png
-105.069587625003,40.5927375923761,ARV135,Yes,,Manual,4955.58,Potable,"1",,,Active,,,aabb3e73-4cbf-4b76-96ae-007fea91232f,2020/08/28,lkoons,2020/08/28,lkoons,./0.png
-105.02606377641,40.5814909746023,ARV136,Yes,,Manual,0,Potable,"1",,,Active,,,c177f612-15b6-44ea-a074-db656fb70189,2020/08/28,lkoons,2020/08/28,lkoons,./0.png
-104.678147848189,40.4669375237525,ARV137,Yes,,Auto,0,Potable,"1",,,Active,,,3636f5ed-ffb4-4572-bd82-28e66faef796,2020/08/28,lkoons,2020/08/28,lkoons,./0.png
-104.773446682441,40.6005756286893,ARV138,Yes,,Manual,4985.39,Potable,"1",,,Active,,,a0780abc-b420-40f1-aa1f-bf755967950c,2020/08/28,lkoons,2020/08/28,lkoons,./0.png
-104.769264809272,40.597155136688,ARV139,Yes,,Manual,4979.86,Potable,"1",,,Active,,,d5f021f2-5efd-4743-aa0d-16997e3268f7,2020/08/28,lkoons,2020/08/28,lkoons,./0.png
-104.541103286038,40.4463261244293,ARV140,Yes,,Manual,4682.98,Potable,"1",,,Active,,,94406bd2-d3d3-4ae6-8ce1-e8d4e9f4ba30,2020/08/28,lkoons,2020/08/28,lkoons,./0.png
-104.526662031029,40.4571925537116,ARV141,Yes,,Auto,4666.68,Potable,"1",,,Active,,,773b3497-ae8c-45e9-960c-8f2245ee59e7,2020/08/28,lkoons,2020/08/28,lkoons,./0.png
-104.783132888622,40.4665772106261,ARV142,Yes,,Manual,4739.75,Potable,"1",,,Active,,,8ff223da-f435-49be-8bd7-f5e0bb998691,2020/08/28,lkoons,2020/08/28,lkoons,./0.png
-104.752637217482,40.4582208188136,ARV143,Yes,,Manual,4715.6,Potable,"1",,,Active,,,05a7ab97-d0cd-4248-b861-ab370f7e380a,2020/08/28,lkoons,2020/08/28,lkoons,./0.png
-104.716129057543,40.4525218015321,ARV144,Yes,,Manual,4686.75,Potable,"1",,,Active,,,48bc56b9-e442-48d0-af2c-c2293344e543,2020/08/28,lkoons,2020/08/28,lkoons,./0.png
-104.702132961576,40.4519342388765,ARV145,Yes,,Manual,4710.3,Potable,"1",,,Active,,,13dd9bae-38b8-4720-94c9-75474ad6c22b,2020/08/28,lkoons,2020/08/28,lkoons,./0.png
-104.689886095992,40.4460151667073,ARV146,Yes,,Manual,4681.24,Potable,"1",,,Active,,,4629cecb-e149-447f-9b34-5e8b08672788,2020/08/28,lkoons,2020/08/28,lkoons,./0.png
-104.816219240932,40.4658627875944,ARV147,Yes,,Auto,4735.06,Potable,"1",,,Active,,,7fdf49ef-cb26-459e-92fa-34a85a3b5326,2020/08/28,lkoons,2020/08/28,lkoons,./0.png
-104.807019896607,40.5665128750877,ARV148,Yes,2004/09/01,Auto,4976.02,Potable,"1",,,Active,,,96dc0562-23fb-4c48-88ea-47d0be27908b,2020/08/28,lkoons,2020/08/28,lkoons,./0.png
-105.071594995194,40.5928631585906,ARV149,Yes,,Auto,4951.07,Potable,"1",,,Active,,,656ed0b3-5375-418e-9661-17bfd826f19c,2020/08/28,lkoons,2020/08/28,lkoons,./0.png
-104.611973810339,40.464151678458,ARV150,Yes,,Manual,4693.76,Potable,"1",,,Active,,,313e062b-621c-4323-9994-ef10c5a000a4,2020/08/28,lkoons,2020/08/28,lkoons,./0.png
-104.584696448687,40.4641979348537,ARV151,Yes,,Manual,4707.66,Potable,"1",,,Active,,,e2dca95e-c670-4e5f-901b-2677c02620fe,2020/08/28,lkoons,2020/08/28,lkoons,./0.png
-104.851261309824,40.4889895720507,ARV152,Yes,,Manual,4867.7,Potable,Unknown,,,Active,,,af5b0c35-214d-47ad-b0e2-0c9fba095c80,2020/08/28,lkoons,2020/08/28,lkoons,./0.png
-104.696560633786,40.5729909011551,ARV153,Yes,,Manual,4908.45,Potable,Unknown,,,Active,,,4cd0367e-2d1a-4eb3-b35e-ed38b199701b,2020/08/28,lkoons,2020/08/28,lkoons,./0.png
-104.663063220168,40.5959809229394,ARV154,Yes,,Auto,4913.09,Potable,"1",,,Active,,,c932bff2-657d-4eff-a81d-949afc1f41c8,2020/08/28,lkoons,2020/08/28,lkoons,./0.png
-104.707400459574,40.4664840109767,ARV155,Yes,2005/04/01,Auto,4744.51,Potable,"1",,,Active,,,d0b17e31-16ce-4041-b193-510461ca674c,2020/08/28,lkoons,2020/08/28,lkoons,./0.png
-104.926590009463,40.5993778808005,ARV156,Yes,,Auto,5153.8,Potable,"1",,,Active,,,d533de6e-c879-4d66-bdca-af23c1c65c86,2020/08/28,lkoons,2020/08/28,lkoons,./0.png
-104.926477275539,40.6066274019005,ARV157,Yes,,Auto,5165.54,Potable,"1",,,Active,,,a1efaf02-7e32-4a0b-9330-218e5ba0bd73,2020/08/28,lkoons,2020/08/28,lkoons,./0.png
-104.926420476741,40.6103432389042,ARV158,Yes,,Auto,5186,Potable,"1",,,Active,,,fb30beff-aa22-4684-b2e6-801bdd5aac94,2020/08/28,lkoons,2020/08/28,lkoons,./0.png
-104.839085225583,40.5080515866367,ARV159,Yes,,Auto,4894.32,Potable,"1",,,Active,,,fff97775-c8d1-4e28-96de-c8ad80ebab2a,2020/08/28,lkoons,2020/08/28,lkoons,./0.png
-104.926240140643,40.6113252703326,ARV160,Yes,,Manual,5198.85,Potable,"1",,,Active,,,ad8a8a02-d9d1-4801-960c-6ece8172b0fa,2020/08/28,lkoons,2020/08/28,lkoons,./0.png
-104.913470920545,40.590640755936,ARV161,Yes,,Auto,5173.48,Potable,"1",,,Active,,,b30c78d1-c316-4a84-9043-2c0b71882ac2,2020/08/28,lkoons,2020/08/28,lkoons,./0.png
-104.60189535307,40.5220497638972,ARV162,Yes,,Manual,4793.51,Potable,"1",,,Active,,,7051670e-8e24-4269-ad82-19a89235132a,2020/08/28,lkoons,2020/08/28,lkoons,./0.png
-104.94494096455,40.5372871548675,ARV163,Yes,,Auto,4955.52,Potable,"1",,,Active,,,f68027ec-2509-4993-884f-161fd965059e,2020/08/28,lkoons,2020/08/28,lkoons,./0.png
-104.907970083747,40.5523212131291,ARV164,Yes,,Auto,0,Potable,"1",,,Active,,,5f748978-d044-4c24-9aba-ed600acaf878,2020/08/28,lkoons,2020/08/28,lkoons,./0.png
-104.908007511509,40.552342876134,ARV165,Yes,,Auto,4989.58,Potable,"1",,,Active,,,d492718d-0931-4f87-a9a0-28cae9eda167,2020/08/28,lkoons,2020/08/28,lkoons,./0.png
-104.564674467527,40.4610347028305,ARV166,Yes,,Manual,4712.16,Potable,"1",,,Retired,,,c74d031a-db58-43df-bb35-27cb825c7763,2020/08/28,lkoons,2020/08/28,lkoons,./1.png
-104.564708339653,40.4610463525224,ARV167,Yes,,Auto,4714.22,Potable,"1",,,Retired,,,d37475b4-91ae-428b-add1-34b250159e75,2020/08/28,lkoons,2020/08/28,lkoons,./1.png
-104.536831364538,40.4644410002549,ARV168,Yes,,Auto,4739.54,Potable,"1",,,Active,,,788ac863-d4ac-46ea-89e2-239b3550ff13,2020/08/28,lkoons,2020/08/28,lkoons,./0.png
-104.526725159589,40.4614232135985,ARV169,Yes,,Auto,4689.69,Potable,"1",,,Active,,,f76da84f-229d-4434-a692-ea0779cb3b62,2020/08/28,lkoons,2020/08/28,lkoons,./0.png
-104.526822891559,40.4724589495287,ARV170,Yes,,Manual,4712.28,Potable,"0.75",,,Active,,,3b04dbae-8923-4858-ac2c-948290677007,2020/08/28,lkoons,2020/08/28,lkoons,./0.png
-104.545586841478,40.4729608933773,ARV171,Yes,,Manual,4729.93,Potable,Unknown,,,Active,,,e1bcf948-1ccc-47e7-bbb0-e8e28f7f23e7,2020/08/28,lkoons,2020/08/28,lkoons,./0.png
-104.948521099073,40.5808139897347,ARV172,Yes,,Manual,5011.59,Potable,"1",,,Active,,,2089692e-86d1-4904-ad69-8e3134945d32,2020/08/28,lkoons,2020/08/28,lkoons,./0.png
-104.96571034596,40.6298371670335,ARV173,Yes,,Auto,5167.74,Potable,"1",,,Active,,,ceb5dd2b-18cd-4ee2-a87e-96a2e829016c,2020/08/28,lkoons,2020/08/28,lkoons,./0.png
-104.879627370308,40.5157813640944,ARV174,Yes,,Manual,4984.79,Potable,"1",,,Active,,,13e26ee0-4497-40af-83e6-6f6e159966cb,2020/08/28,lkoons,2020/08/28,lkoons,./0.png
-104.888879978836,40.5098147428436,ARV175,Yes,,Auto,4900.17,Potable,"1",,,Active,,,52574403-5535-4bfb-a7a7-8c88864d0f4d,2020/08/28,lkoons,2020/08/28,lkoons,./0.png
-104.888963414143,40.5156140332168,ARV176,Yes,,Auto,4914.21,Potable,"1",,,Active,,,7a75c62e-9d44-4a0f-8216-1ce889c68410,2020/08/28,lkoons,2020/08/28,lkoons,./0.png
-104.562130608026,40.4425559725687,ARV177,Yes,,Manual,4644.03,Potable,Unknown,,,Active,,,04cbcac6-9acc-4c8d-b496-9af125a14765,2020/08/28,lkoons,2020/08/28,lkoons,./0.png
-104.56491231178,40.4425541939455,ARV178,Yes,,Manual,4639.98,Potable,Unknown,,,Active,,,dcdb3e97-ac76-416c-865a-1b046d3b3b99,2020/08/28,lkoons,2020/08/28,lkoons,./0.png
-104.545845806227,40.4518081460444,ARV179,Yes,,Manual,4675.35,Potable,Unknown,,,Active,,,df7bdd35-7938-49fa-ba06-93f35551171e,2020/08/28,lkoons,2020/08/28,lkoons,./0.png
-104.682658657491,40.5106360481324,ARV180,Yes,,Auto,0,Potable,"1",,,Active,,,91adf891-c65c-4165-8022-c58f38c87bb4,2020/08/28,lkoons,2020/08/28,lkoons,./0.png
-104.525667140533,40.4787075528255,ARV181,Yes,,Manual,4716.6,Potable,"1",,,Active,,,f3cac712-82f2-47d6-b25c-1b7b57ebaa15,2020/08/28,lkoons,2020/08/28,lkoons,./0.png
-104.488822847361,40.5009972900885,ARV182,Yes,,Manual,4702.9,Potable,"1",,,Active,,,25487360-7aef-4859-b497-bec835e3e2ff,2020/08/28,lkoons,2020/08/28,lkoons,./0.png
-104.581193438964,40.4280684366562,ARV183,Yes,,Manual,4635.88,Potable,Unknown,,,Active,,,58b7a07b-4a8a-440e-9340-87924d7fb534,2020/08/28,lkoons,2020/08/28,lkoons,./0.png
-104.570429102912,40.4281551023611,ARV184,Yes,,Manual,4631.75,Potable,Unknown,,,Active,,,16cd85b2-9fe6-4954-807e-1c966e48ed4b,2020/08/28,lkoons,2020/08/28,lkoons,./0.png
-104.773473450021,40.56411241154,ARV185,Yes,,Manual,4953.04,Potable,Unknown,,,Active,,,24fa5009-9065-45a9-8c17-686b272762dd,2020/08/28,lkoons,2020/08/28,lkoons,./0.png
-104.696354090084,40.6273520583805,ARV186,Yes,,Auto,5012.55,Potable,"1",,,Active,,,43bc775c-cce0-4392-8268-795f22d7c667,2020/08/28,lkoons,2020/08/28,lkoons,./0.png
-104.518457450715,40.4936190058162,ARV187,Yes,,Auto,4706.53,Potable,"1",,,Active,,,7edd95af-0583-4287-b0ea-fb83841aeef4,2020/08/28,lkoons,2020/08/28,lkoons,./0.png
-104.511451814861,40.4936536119717,ARV188,Yes,,Auto,4689.02,Potable,"1",,,Active,,,3e20a14e-7f43-483d-a3da-17a467ba38ad,2020/08/28,lkoons,2020/08/28,lkoons,./0.png
-104.51442851791,40.4936405799962,ARV189,Yes,,Auto,4693.85,Potable,"1",,,Active,,,a9c8904b-a3bb-47f5-9fb7-d36c8c0f9cb4,2020/08/28,lkoons,2020/08/28,lkoons,./0.png
-104.507970051199,40.4945872504277,ARV190,Yes,,Auto,4698.314,Potable,"1",,,Active,,,5ded7441-2482-443f-96f0-f33603e6566b,2020/08/28,lkoons,2020/08/28,lkoons,./0.png
-104.865418748585,40.5819639401605,ARV191,Yes,,Auto,0,Potable,"0.75",,,Active,,,2d556814-49d9-4ba7-bdfe-865b9e8a07eb,2020/08/28,lkoons,2020/08/28,lkoons,./0.png
-104.818094841613,40.4781384935622,ARV192,Yes,,Auto,4805.207,Potable,"1",,,Active,,,c5b31879-716c-4ba2-b262-11661b58fdef,2020/08/28,lkoons,2020/08/28,lkoons,./0.png
-104.869830680242,40.5523943531013,ARV193,Yes,,Auto,4973.374,Potable,"2",,,Active,,,4e1c621c-2bc6-40dc-873a-07f87da26bed,2020/08/28,lkoons,2020/08/28,lkoons,./0.png
-104.869936256947,40.5579854867852,ARV194,Yes,,Auto,4999.453,Potable,"1",,,Active,,,4b8ada51-bd1f-4469-8690-89ab3d4d79be,2020/08/28,lkoons,2020/08/28,lkoons,./0.png
-104.933581526042,40.5377771973638,ARV195,Yes,2007/02/01,Auto,4975.747,Potable,"36",,,Active,,,555d3631-0d89-4765-b97d-61529518072b,2020/08/28,lkoons,2020/08/28,lkoons,./0.png
-104.888620811087,40.6208076892692,ARV196,Yes,,Auto,5138.301,Potable,"1",,,Active,,,f88c4c04-0ca2-44ff-ada5-e65e9f11bb8d,2020/08/28,lkoons,2020/08/28,lkoons,./0.png
-104.888638018349,40.6186795496893,ARV197,Yes,,Auto,5128.551,Potable,"1",,,Active,,,ec8b6ca1-bb27-484b-ae77-a86dae423224,2020/08/28,lkoons,2020/08/28,lkoons,./0.png
-104.507756166924,40.4427105513127,ARV198,Yes,,Auto,4631.174,Potable,"1",,,Active,Crispin,,45f51c59-40c2-4b4f-9940-5470f438795b,2020/08/28,lkoons,2020/08/28,lkoons,./0.png
-104.507917618854,40.4336317184979,ARV199,Yes,,Auto,4612.789,Potable,"1",,,Active,,,3d4006d3-a82d-4c76-9a2e-c44f3f9d2807,2020/08/28,lkoons,2020/08/28,lkoons,./0.png
-104.917462488063,40.6104613904617,ARV200,Yes,,Auto,5266.305,Potable,"1",,PL10,Active,Crispin,,b60542f4-0bfd-408d-8777-4bfdee1ad12f,2020/08/28,lkoons,2020/08/28,lkoons,./0.png
-104.913691876739,40.6105432743729,ARV201,Yes,,Auto,5232.387,Potable,"1",,PL10,Active,Crispin,,8d628327-ac5b-4dab-bf8a-ca849db5a334,2020/08/28,lkoons,2020/08/28,lkoons,./0.png
-104.910424149947,40.6106113185179,ARV202,Yes,,Auto,5237.497,Potable,"1",,PL10,Active,Crispin,,40d6757e-4fd9-4e9b-93c6-9112cdee0734,2020/08/28,lkoons,2020/08/28,lkoons,./0.png
-104.905090625888,40.610716079646,ARV203,Yes,,Auto,5189.271,Potable,"1",,PL10,Active,Crispin,,f74c312e-13df-47b0-a601-84ea37bda195,2020/08/28,lkoons,2020/08/28,lkoons,./0.png
-105.114714455368,40.6001446043082,ARV204,Yes,,Manual,5059.3782,Potable,"1",,,Active,,,4b865312-5e60-4eff-8e9b-f7fa52597010,2020/08/28,lkoons,2020/08/28,lkoons,./0.png
-104.834077408685,40.5310190193243,ARV205,Yes,,Manual,4914.79,Potable,"1",,,Active,,,6fe0f8c5-fd66-4265-ae95-6e95c7c07f44,2020/08/28,lkoons,2020/08/28,lkoons,./0.png
-104.835352902275,40.5340462950544,ARV206,Yes,,Manual,4925.27,Potable,"16",,,Active,,,0fc23168-0cb3-4dd6-b9c3-e83759248305,2020/08/28,lkoons,2020/08/28,lkoons,./0.png
-104.835405574416,40.5378919863692,ARV207,Yes,,Manual,4946.33,Potable,"16",,,Active,,,e18f0cc1-a3be-4e0a-a7f6-310e653c0611,2020/08/28,lkoons,2020/08/28,lkoons,./0.png
-104.929695627735,40.6165988127116,ARV208,Yes,,Auto,5196.062,Potable,"0.75",,PL10,Active,Crispin,,5a67e493-00bc-46b4-97e1-8984ddb84c62,2020/08/28,lkoons,2020/08/28,lkoons,./0.png
-104.926434264738,40.6140495983235,ARV209,Yes,,Auto,5204.512,Potable,"0.75",,PL10,Active,Crispin,,245d056d-8efe-4527-8fbf-a9f80b2521cd,2020/08/28,lkoons,2020/08/28,lkoons,./0.png
-104.926403837892,40.6158227494824,ARV210,Yes,,Auto,5212.049,Potable,"0.75",,PL10,Active,Crispin,,16ba7bc8-f5a5-4e46-8938-11ea9d94806b,2020/08/28,lkoons,2020/08/28,lkoons,./0.png
-104.888746550319,40.5671779916082,ARV211,Yes,,Auto,5084.351,Potable,"1",,,Active,Crispin,,0988d859-5aba-4466-9482-e66ccee2f5b0,2020/08/28,lkoons,2020/08/28,lkoons,./0.png
-104.874132199834,40.5670053915525,ARV212,Yes,,Manual,5002.665,Potable,"1",,,Active,Crispin,,82d342c3-07b7-4b86-ba3c-bdba1ec6a88f,2020/08/28,lkoons,2020/08/28,lkoons,./0.png
-104.936930720816,40.639010369877,ARV213,Yes,2007/08/01,Auto,5306.891,Potable,"2",,,Active,APCO,,cb6473ac-ec03-4ea8-a758-de5f27c0f5f2,2020/08/28,lkoons,2020/08/28,lkoons,./0.png
-104.811576163468,40.4807696345488,ARV214,Yes,,Auto,4788.057,Potable,"1",,"55",Active,APCO,,8f3973f4-503c-4a75-8d63-c01663851c25,2020/08/28,lkoons,2020/08/28,lkoons,./0.png
-104.515428796772,40.5081022527672,ARV215,Yes,,Auto,4753.881,Potable,"1",,,Active,,,4819410b-ff4d-4777-a556-614a451620b9,2020/08/28,lkoons,2020/08/28,lkoons,./0.png
-104.906800564905,40.585987052722,ARV216,Yes,2007/10/01,Auto,5203.927,Potable,"0.625",,,Active,,,60f4044d-14e0-4f32-ac3a-c6c1d5959b41,2020/08/28,lkoons,2020/08/28,lkoons,./0.png
-104.906664135176,40.5858857256873,ARV217,Yes,2007/10/01,Auto,5204.01,NonPotable,"0.625",,,Active,,,39b096a5-d69a-4e91-a67b-960b5f2d5a61,2020/08/28,lkoons,2020/08/28,lkoons,./0.png
-104.944284321442,40.5532178363388,ARV218,Yes,,Auto,0,Potable,"6",,,Active,,,5f9ebe68-f8da-4680-9ad0-eb34c8f6a845,2020/08/28,lkoons,2020/08/28,lkoons,./0.png
-104.907734624455,40.5908159849502,ARV219,Yes,2008/04/01,Auto,5207.196,Potable,"0.625",,PL10,Active,Crispin,,3b3c66a5-8b44-433d-a6d9-7f3dd1a0b150,2020/08/28,lkoons,2020/08/28,lkoons,./0.png
-104.816216360955,40.4610755438079,ARV220,Yes,,Auto,4740.692,Potable,Unknown,,,Active,,,985af083-397c-4389-a9ba-221e792838e6,2020/08/28,lkoons,2020/08/28,lkoons,./0.png
-104.816212370069,40.4593604508494,ARV221,Yes,,Auto,4735.297,Potable,Unknown,,,Active,,,f6ad4fa1-a015-44ce-8ba8-c1cfdf405262,2020/08/28,lkoons,2020/08/28,lkoons,./0.png
-104.740703198386,40.4956008587621,ARV222,Yes,,Manual,4835.39,Potable,"6",,,Active,,,026a1737-ddf4-465a-8037-d77a619d5daf,2020/08/28,lkoons,2020/08/28,lkoons,./0.png
-104.734849400172,40.5390560850711,ARV223,Yes,,Manual,4860.696,Potable,"1",,,Active,,,f1282e53-a71e-44d6-b719-89686055f0c8,2020/08/28,lkoons,2020/08/28,lkoons,./0.png
-104.919147783327,40.5229766399081,ARV224,Yes,,Manual,4928.465,Potable,"1",,,Active,,,d75ac32f-ab95-4c95-ba57-06d5e8ca01b8,2020/08/28,lkoons,2020/08/28,lkoons,./0.png
-104.918040726186,40.5238302259296,ARV225,Yes,2008/06/01,Manual,4935.358,Potable,"1",,PL10,Active,Crispin,,cad11418-0c1b-49e6-8ba3-7c98b36c4130,2020/08/28,lkoons,2020/08/28,lkoons,./0.png
-104.550022772643,40.5368268875851,ARV226,Yes,,Auto,4871.596,Potable,"0.75",,"55",Active,APCO,,6ff99705-e529-46d8-9c4c-934d937672c6,2020/08/28,lkoons,2020/08/28,lkoons,./0.png
-104.545777485062,40.5368118219111,ARV227,Yes,,Auto,4865.621,Potable,"0.75",,"55",Active,APCO,,65c6ad6d-feeb-44a9-9546-93b06b027f64,2020/08/28,lkoons,2020/08/28,lkoons,./0.png
-104.545702211678,40.5299222791616,ARV228,Yes,,Auto,4871.08,Potable,"0.75",,"55",Active,APCO,,bdae4182-6534-41dd-9010-54cd138da4d8,2020/08/28,lkoons,2020/08/28,lkoons,./0.png
-104.545726642394,40.5189762168859,ARV229,Yes,2008/08/13,Auto,4845.519,Potable,"1",,,Active,APCO,,02e74ae2-78f8-4bee-9bb5-372be580817c,2020/08/28,lkoons,2020/08/28,lkoons,./0.png
-104.545877885893,40.4935098566717,ARV230,Yes,2008/08/13,Auto,4843.839,Potable,"1",,,Active,Crispin,,c54bf62d-491b-4dd4-a39f-846884468d68,2020/08/28,lkoons,2020/08/28,lkoons,./0.png
-104.545897980049,40.4931585405423,ARV231,Yes,2008/08/01,Auto,4843.183,Potable,"1",,,Active,APCO,,19b7eb51-adb1-4b25-8aab-f2c8ff2ad13c,2020/08/28,lkoons,2020/08/28,lkoons,./0.png
-104.545659633909,40.5080783928251,ARV232,Yes,,Auto,4846.397,Potable,"1",,,Active,Crispin,,f6817b18-f012-459a-9e17-f28521de71c0,2020/08/28,lkoons,2020/08/28,lkoons,./0.png
-104.545668304859,40.5078044556768,ARV233,Yes,,Auto,4845.832,Potable,"1",,,Active,Crispin,,1f6d546c-bd62-4b0a-847e-14989fb1f4d4,2020/08/28,lkoons,2020/08/28,lkoons,./0.png
-104.55489689233,40.5078961609057,ARV234,Yes,,Auto,4895.873,Potable,"1",,,Active,APCO,,44b55ee3-d343-44fc-8c3f-1849d5f3f3b7,2020/08/28,lkoons,2020/08/28,lkoons,./0.png
-104.764786534621,40.5826556137965,ARV235,Yes,2008/10/01,Auto,4942.652,Potable,"1",,,Active,APCO,,4d9dff1a-f582-4fd1-b19e-4d126f4c464a,2020/08/28,lkoons,2020/08/28,lkoons,./0.png
-104.722503218301,40.5827047890435,ARV236,Yes,,Auto,4925.651,Potable,"1",,,Active,APCO,,899e6bfe-4789-4886-b6ed-bd661bd1a44a,2020/08/28,lkoons,2020/08/28,lkoons,./0.png
-104.715381172863,40.5828036948707,ARV237,Yes,,Auto,4932.073,Potable,"1",,,Active,APCO,,63cf1896-d6a9-4fd7-abc6-bc9cd1642778,2020/08/28,lkoons,2020/08/28,lkoons,./0.png
-104.696549925793,40.5743939946098,ARV238,Yes,,Auto,4905.645,Potable,"1",,,Active,APCO,,37612e9e-f8bf-4787-a1f2-782321ace69c,2020/08/28,lkoons,2020/08/28,lkoons,./0.png
-104.696583483829,40.5697333690402,ARV239,Yes,,Auto,4891.805,Potable,"1",,,Active,APCO,,f6e74a47-c4a3-48e7-a17d-2162256c8d37,2020/08/28,lkoons,2020/08/28,lkoons,./0.png
-104.696602650376,40.5673968767371,ARV240,Yes,,Auto,4887.304,Potable,"1",,,Active,APCO,,78efdd3d-4878-4bf2-a1d1-c3c6355e4309,2020/08/28,lkoons,2020/08/28,lkoons,./0.png
-104.69671402206,40.5544250658549,ARV241,Yes,,Auto,4901.448,Potable,"1",,,Active,APCO,,58aa9689-a36b-4b26-a91b-82380ccb067b,2020/08/28,lkoons,2020/08/28,lkoons,./0.png
-104.773316935704,40.5825923660142,ARV242,Yes,,Auto,4970.954,Potable,"1",,,Active,Crispin,,604e97e5-b5da-4d72-9097-6f3bbf7e1e6f,2020/08/28,lkoons,2020/08/28,lkoons,./0.png
-105.140664628746,40.5894480968047,ARV243,Yes,,Manual,5146.6042,Potable,"1",,,Active,,,1726f883-9f9f-4238-b97f-91138389e809,2020/08/28,lkoons,2020/08/28,lkoons,./0.png
-104.559176035283,40.5368566173603,ARV244,Yes,2008/11/01,Auto,4851.045,Potable,"1",,,Active,APCO,,1f19879e-e69b-409b-a040-d4e3ec6e1dee,2020/08/28,lkoons,2020/08/28,lkoons,./0.png
-104.545582053894,40.5368710698384,ARV245,Yes,2009/01/01,Auto,4866.451,Potable,"1",,,Active,APCO,,59873910-7d2a-4e04-b31c-6e30f71524d2,2020/08/28,lkoons,2020/08/28,lkoons,./0.png
-104.538080323616,40.5370444484553,ARV246,Yes,2009/01/01,Auto,4863.241,Potable,"1",,,Active,APCO,,e2fa8b77-881f-47f7-a69b-20eaa92a50e2,2020/08/28,lkoons,2020/08/28,lkoons,./0.png
-104.528138907293,40.537080183007,ARV247,Yes,2009/01/01,Auto,4875.031,Potable,"1",,,Active,APCO,,cf8937e0-a49c-4763-a0da-ce2c17f5b85f,2020/08/28,lkoons,2020/08/28,lkoons,./0.png
-104.526593700247,40.5370837839726,ARV248,Yes,2009/01/01,Auto,4873.121,Potable,"1",,,Active,APCO,,4e53f48b-9b84-4e32-9b04-3564866f31b0,2020/08/28,lkoons,2020/08/28,lkoons,./0.png
-104.912275172877,40.5231546672477,ARV249,Yes,2009/03/01,Auto,4933.124,Potable,"1",,,Active,APCO,,5996b6a0-84d4-44a0-846c-b1c37626abfe,2020/08/28,lkoons,2020/08/28,lkoons,./0.png
-104.91421838439,40.5231531459567,ARV250,Yes,2009/03/01,Auto,4933.213,Potable,"1",,,Active,APCO,,74437050-6c2a-4d11-832d-92401dbc874e,2020/08/28,lkoons,2020/08/28,lkoons,./0.png
-104.545864543158,40.4539610895238,ARV251,Yes,2009/03/01,Auto,4681.855,Potable,"1",,,Active,,,80325886-09bb-4e47-b72c-462db7b9c378,2020/08/28,lkoons,2020/08/28,lkoons,./0.png
-104.546031317797,40.4520328826487,ARV252,Yes,2009/03/01,Auto,4671.549,Potable,"1",,,Active,,,85fd7ad1-a204-426f-8ce2-1bcc73c7192c,2020/08/28,lkoons,2020/08/28,lkoons,./0.png
-104.548454461417,40.4501479181054,ARV253,Yes,2009/03/01,Auto,4662.011,Potable,"1",,,Active,,,b4a52c19-879d-411c-a0b4-4e1173913d42,2020/08/28,lkoons,2020/08/28,lkoons,./0.png
-104.554760295556,40.4498210987231,ARV254,Yes,2009/03/01,Auto,4664.113,Potable,"1",,,Active,,,599d5b0e-8681-45dd-b715-5d2dcc96218e,2020/08/28,lkoons,2020/08/28,lkoons,./0.png
-104.576916754721,40.4932022956435,ARV255,Yes,,Auto,4772.935,Potable,"1",,,Active,APCO,,cc238703-3839-4ec5-bfa7-d2696f5ad9c3,2020/08/28,lkoons,2020/08/28,lkoons,./0.png
-104.742031535781,40.4812942421435,ARV256,Yes,2009/04/01,Auto,4748.782,Potable,"1",,,Active,,,7ef01362-65b9-4457-9595-80d178eca336,2020/08/28,lkoons,2020/08/28,lkoons,./0.png
-104.753349351488,40.4811091648038,ARV257,Yes,2009/04/01,Auto,4759.477,Potable,"0.75",,,Active,Crispin,,09c94b8c-1ad7-43a5-aec2-2459bdbc41df,2020/08/28,lkoons,2020/08/28,lkoons,./0.png
-104.747725794162,40.4812302338635,ARV258,Yes,,Auto,4753.724,Potable,"1",,,Active,APCO,,c899e77d-1c85-4de8-9d1d-81e4ce6d8672,2020/08/28,lkoons,2020/08/28,lkoons,./0.png
-104.846739283335,40.5668353739266,ARV259,Yes,,Auto,5022.856,Potable,"1",,,Active,,,68a95e2c-2b1b-4f93-98cd-b5acb7588cc8,2020/08/28,lkoons,2020/08/28,lkoons,./0.png
-104.839388676472,40.5668615550849,ARV260,Yes,,Auto,5031.302,Potable,"1",,,Active,,,bce10d71-e884-4838-b328-548543fab2b5,2020/08/28,lkoons,2020/08/28,lkoons,./0.png
-104.907251594872,40.5886446164474,ARV261,Yes,2009/06/01,Auto,0,NonPotable,"1",,,Active,APCO,,683024df-2518-4c89-b8f5-947ee10ff9f0,2020/08/28,lkoons,2020/08/28,lkoons,./0.png
-104.818117111086,40.5093087999418,ARV262,Yes,2009/10/01,Auto,0,Potable,"1",,,Active,,,d12b8d20-3bd1-4bef-966d-2b5b760d05ad,2020/08/28,lkoons,2020/08/28,lkoons,./0.png
-105.086193385588,40.5949905614426,ARV263,Yes,,Auto,0,Potable,"2",,,Active,,,1ba78ad8-3baa-44bd-9b30-c500184cebd0,2020/08/28,lkoons,2020/08/28,lkoons,./0.png
-105.086199203256,40.5949926083872,ARV264,Yes,,Auto,0,Potable,"2",,,Active,,,7a8b38c7-fd7a-4020-8c66-16c99e0533b0,2020/08/28,lkoons,2020/08/28,lkoons,./0.png
-104.792078449776,40.6215763198644,ARV265,Yes,2010/07/01,Auto,5054.15,Potable,"1",,,Active,APCO,,4591c4fc-01db-4204-b381-f2efae60b733,2020/08/28,lkoons,2020/08/28,lkoons,./0.png
-104.792054311693,40.6153859020697,ARV266,Yes,2010/07/01,Auto,5049.309,Potable,"1",,,Active,APCO,,4aa107b1-f1eb-49a8-9fa1-51352684c7c0,2020/08/28,lkoons,2020/08/28,lkoons,./0.png
-104.792242906292,40.6076518404753,ARV267,Yes,2010/07/01,Auto,5042.209,Potable,"1",,,Active,APCO,,f5f971eb-786b-4c90-93e3-909520d0fb28,2020/08/28,lkoons,2020/08/28,lkoons,./0.png
-104.564062399142,40.5655747222914,ARV268,Yes,,Manual,4919.92,Potable,"1",,,Active,,,f2d92d37-1113-49a6-a993-f00e40cc8454,2020/08/28,lkoons,2020/08/28,lkoons,./0.png
-105.100417369999,40.600085540406,ARV269,Yes,2010/07/01,Auto,5017.252,Potable,"3",,,Active,,,ef224555-f768-43b8-bedf-6d2415cdcbfc,2020/08/28,lkoons,2020/08/28,lkoons,./0.png
-105.088811554981,40.6037063225025,ARV270,Yes,2010/06/01,Auto,4980.092,Potable,"3",,,Active,,,f37e6562-1eb1-43d5-8bdd-09229ff92ac6,2020/08/28,lkoons,2020/08/28,lkoons,./0.png
-105.069565742485,40.5994088024199,ARV271,Yes,,Auto,4964.344,Potable,"3",,,Active,,,20cc7c82-365e-4fa3-bfe5-e41aae53d112,2020/08/28,lkoons,2020/08/28,lkoons,./0.png
-105.047568125603,40.6029757223291,ARV272,Yes,,Auto,4962.719,Potable,"3",,,Active,,,0b1fedd7-916f-4af0-bcd8-69be1a9e5a52,2020/08/28,lkoons,2020/08/28,lkoons,./0.png
-105.077990986606,40.5927629323403,ARV273,Yes,,Auto,4975.855,Potable,Unknown,,,Active,,,21f3d1a3-995e-421a-a235-aff883fac6b7,2020/08/28,lkoons,2020/08/28,lkoons,./0.png
-104.564748960633,40.4869227439703,ARV274,,,Auto,4821.716,Potable,"1",,"55",Active,Crispin,Feature,24ec33f6-f253-49b7-b8de-f06b0501e24c,2020/08/28,lkoons,2020/08/28,lkoons,./0.png
-104.582288291864,40.4860274478298,ARV275,,,Auto,4724.365,Potable,"1",,PL10,Active,APCO,Ground,df6b1721-8f71-4894-9d80-0e3b2192ab56,2020/08/28,lkoons,2020/08/28,lkoons,./0.png
-104.831604366687,40.5990831519593,ARV276,,,Auto,5147.094,Potable,"1",,,Active,,Ground,ac0c4c36-257c-443e-8936-02d324d40786,2020/08/28,lkoons,2020/08/28,lkoons,./0.png
-104.831638580872,40.601433681735,ARV277,,,Auto,5145.956,Potable,"1",,,Active,,Ground,59f8edec-3940-4b75-ac80-8753da28b71b,2020/08/28,lkoons,2020/08/28,lkoons,./0.png
-104.831598477174,40.6059807930936,ARV278,,,Auto,5123.83,Potable,"1",,"55",Active,APCO,Ground,58d51eaf-c24e-4e8f-a713-439be81bee8c,2020/08/28,lkoons,2020/08/28,lkoons,./0.png
-104.831589492459,40.6081968899017,ARV279,,,Auto,5112.395,Potable,"1",,"55",Active,APCO,Ground,5953d14a-da9d-4d29-a7d5-ccc329e8976d,2020/08/28,lkoons,2020/08/28,lkoons,./0.png
-104.831569991394,40.6105262110605,ARV280,Yes,2011/12/16,Auto,5112.422,Potable,"1",,"55",Active,APCO,Ground,ac81964b-947a-40aa-bf79-2f9b9fcb58a6,2020/08/28,lkoons,2020/08/28,lkoons,./0.png
-104.677924319623,40.5380679850376,ARV281,,,Auto,4822.663,Potable,"1",,,Active,,Ground,b0e742e4-7f18-44f9-865c-5688f45643ea,2020/08/28,lkoons,2020/08/28,lkoons,./0.png
-104.83151084268,40.6107317764559,ARV282,,,Auto,5114.391,Potable,"1",pl200,PL10,Active,APCO,Feature,a5e32bef-3674-4f62-b0fe-6d3bdc85a39e,2020/08/28,lkoons,2020/08/28,lkoons,./0.png
-104.828145562998,40.617874840318,ARV283,,,Auto,5146.027,Potable,"1",pl200,PL10,Active,APCO,Feature,ec13944c-c531-4ce4-b262-6910f1f2b90f,2020/08/28,lkoons,2020/08/28,lkoons,./0.png
-104.827132843376,40.6250179111281,ARV284,,,Auto,5220.566,Potable,"1",,"55",Active,APCO,Ground,a4e22705-7dd4-44eb-80a2-e6288b2d066e,2020/08/28,lkoons,2020/08/28,lkoons,./0.png
-104.826540476381,40.6231771106154,ARV285,Yes,2012/07/25,Auto,5220.459,Potable,"1",,"55",Active,APCO,Ground,dc302e9a-8fed-45a0-8afd-d903891cf204,2020/08/28,lkoons,2020/08/28,lkoons,./0.png
-104.82654058573,40.623177049109,ARV286,,,Auto,5220.451,Potable,"1",,"55",Active,APCO,Ground,0ce967b2-2a03-40f4-acfe-05771b427034,2020/08/28,lkoons,2020/08/28,lkoons,./0.png
-104.646795174391,40.58098299478,ARV287,,,Auto,4859.412137,Potable,"1",gwc,PL10,Active,APCO,Feature,9648e411-30e3-46f3-9edf-be997d013b59,2020/08/28,lkoons,2020/08/28,lkoons,./0.png
-104.646663923424,40.5809727367855,ARV288,,,Auto,4859.244815,Potable,"1",gwc,PL10,Active,APCO,Feature,012694f0-b27e-4ca0-9a0d-9d185f91986e,2020/08/28,lkoons,2020/08/28,lkoons,./0.png
-104.695624984946,40.5790492051962,ARV289,,,Auto,4898.95219,Potable,"1",model 50.5 gwc,"55",Active,APCO,Feature,47764243-895d-428b-a9cc-4baf95957423,2020/08/28,lkoons,2020/08/28,lkoons,./0.png
-104.677286052116,40.5816736641,ARV290,,,Auto,4879.296425,Potable,"1",apco 50.3 model gwc,"55",Active,APCO,Feature,1ec3ff8c-4651-4fcd-ac33-98bc3faac57a,2020/08/28,lkoons,2020/08/28,lkoons,./0.png
-104.683459807637,40.5817794487436,ARV291,,,Auto,4885.811754,Potable,"1",apco 50.3 model gwc,"55",Active,APCO,Feature,86d9fced-1643-458b-b863-dc254399d6fb,2020/08/28,lkoons,2020/08/28,lkoons,./0.png
-104.685762932479,40.5807007169334,ARV292,,,Auto,4888.975939,Potable,"1",apco 50.3 model gwc,"55",Active,APCO,Feature,c45efd87-9234-458d-9701-1d48a44eb1ca,2020/08/28,lkoons,2020/08/28,lkoons,./0.png
-104.689634480825,40.5810841744106,ARV293,,,Auto,4898.818906,Potable,"1",apco 50.3 model gwc,"55",Active,APCO,Feature,e65f18bb-2a0b-4532-8e07-a70489972269,2020/08/28,lkoons,2020/08/28,lkoons,./0.png
-104.638425920932,40.5807135421914,ARV294,,,Auto,4860.434959,Potable,"1",model 50.3 apco gwc,"55",Active,APCO,Feature,f1593025-4a79-43a8-b6ab-36bf31c30349,2020/08/28,lkoons,2020/08/28,lkoons,./0.png
-104.637949283288,40.5806724283448,ARV295,,,Auto,4860.242482,Potable,"1",model 50.3 apco gwc,"55",Active,APCO,Feature,67963408-b578-4944-a78b-db43d2c43bca,2020/08/28,lkoons,2020/08/28,lkoons,./0.png
-104.663378557368,40.5814245840359,ARV296,,,Auto,4871.127417,Potable,"1",apco model 50.3 gwc,"55",Active,APCO,Feature,18e8065a-fd45-485e-8df8-f4d2933be715,2020/08/28,lkoons,2020/08/28,lkoons,./0.png
-104.634038973239,40.5806566775864,ARV297,,,Auto,4887.348079,Potable,"1",apco model 50.3 gwc,"55",Active,APCO,Feature,c145327c-9a6e-4176-ada2-dec7313dc57e,2020/08/28,lkoons,2020/08/28,lkoons,./0.png
-104.620063046286,40.5801486310886,ARV298,,,Auto,4948.062841,Potable,"1",apco 50.3 model gwc,"55",Active,APCO,Feature,2beceed2-ce83-431e-90eb-1fbc29cbe78d,2020/08/28,lkoons,2020/08/28,lkoons,./0.png
-104.632336822989,40.5806006532914,ARV299,,,Auto,4896.551636,Potable,"1",apco 50.3 model gwc,"55",Active,APCO,Feature,d18c2d1e-a5be-442f-b5c4-030de826c2c5,2020/08/28,lkoons,2020/08/28,lkoons,./0.png
-104.634049823962,40.5806580426283,ARV300,,,Auto,4886.623354,Potable,"1",apco 50.3 model gwc,"55",Active,APCO,Feature,32bb6cea-ed6e-45c6-981b-d53480793203,2020/08/28,lkoons,2020/08/28,lkoons,./0.png
-104.637949490661,40.5806727468909,ARV301,,,Auto,4860.282116,Potable,"1",apco 50.3 model gwc,"55",Active,APCO,Feature,a3ea63ec-9906-4531-929a-5e735d6f2eb0,2020/08/28,lkoons,2020/08/28,lkoons,./0.png
-104.638425698029,40.5807134225623,ARV302,,,Auto,4860.392127,Potable,"1",apco 50.3 model gwc,"55",Active,APCO,Feature,e0a68db2-10b8-4e08-abb4-3dd621b77967,2020/08/28,lkoons,2020/08/28,lkoons,./0.png
-104.639986447461,40.5808027967439,ARV303,,,Auto,4860.279072,Potable,"1",apco 50.3 model gwc,"55",Active,APCO,Feature,86e06d39-610b-4850-82e6-6c6316d3312c,2020/08/28,lkoons,2020/08/28,lkoons,./0.png
-104.674338372403,40.4649188564995,ARV304,,2013/03/12,Auto,4723.858685,Potable,"1",,"55",Active,APCO,Feature,1a2b7bc4-d272-4c30-8a78-b0070024eb72,2020/08/28,lkoons,2020/08/28,lkoons,./0.png
-104.663052492733,40.4645023509396,ARV305,,2013/03/25,Auto,4699.485039,Potable,"1",,"55",Active,APCO,Feature,ac13ad3c-1770-4d0c-9675-4baed8601ff2,2020/08/28,lkoons,2020/08/28,lkoons,./0.png
-104.659063814174,40.4641934888842,ARV306,,2013/03/28,Auto,4701.129166,Potable,"1",,"55",Active,APCO,Ground,72266764-c020-49c9-bfcc-ae9880bcc320,2020/08/28,lkoons,2020/08/28,lkoons,./0.png
-104.659018135886,40.4574593344115,ARV307,,2013/04/05,Auto,4697.800141,Potable,"1",,"55",Active,APCO,Feature,69c0a332-5fe3-4169-beae-5fab215cdd09,2020/08/28,lkoons,2020/08/28,lkoons,./0.png
-104.668549483787,40.5814920486024,ARV308,,2013/04/19,Auto,4866.584872,Potable,"1",apco 50.3 was not on map gwc,"55",Active,APCO,Feature,6118d156-c557-4f67-b3b1-23167322d3ca,2020/08/28,lkoons,2020/08/28,lkoons,./0.png
-104.658600687902,40.5812605859316,ARV309,,2013/04/19,Auto,4867.547901,Potable,"1",apco 50.3 was not on map gwc,"55",Active,APCO,Feature,c0310598-5fe3-4710-9684-39c4f512634b,2020/08/28,lkoons,2020/08/28,lkoons,./0.png
-104.658544224067,40.5812059122736,ARV310,,2013/04/19,Auto,4867.180863,Potable,"1",apco 50.3 was not on map gwc,"55",Active,APCO,Feature,526473ab-da1f-4034-b86e-81accf171f57,2020/08/28,lkoons,2020/08/28,lkoons,./0.png
-104.506497256054,40.5320144573971,ARV311,,2013/05/23,Auto,4821.617754,Potable,"1",ari model d-40 gwc,"55",Active,APCO,Feature,052de3f6-8fab-4299-ac22-daab1fa5629e,2020/08/28,lkoons,2020/08/28,lkoons,./0.png
-104.564615829564,40.4661537303937,ARV312,,2014/02/06,Manual,4658.777196,Potable,"0.75",,,Retired,,Ground,6eb610b2-e1a9-4f2b-b54f-5a14cf01469a,2020/08/28,lkoons,2020/08/28,lkoons,./1.png
-105.095233776063,40.5981285995011,ARV313,,2014/04/09,Manual,4957.258442,Potable,"4",,"55",Active,APCO,Feature,3477a9b3-d793-49a1-8412-96420bbb75dd,2020/08/28,lkoons,2020/08/28,lkoons,./0.png
-105.100093367799,40.5997635063221,ARV314,,2014/04/10,Manual,4963.059288,Potable,"4",,"55",Active,APCO,Feature,2f6631ee-e946-49b8-ac74-f6bc2badd9dc,2020/08/28,lkoons,2020/08/28,lkoons,./0.png
-104.489371947077,40.5497143614687,ARV315,Yes,2015/06/22,Auto,4790.06558359,Potable,"1",,"55",Active,APCO,Feature,07cfe2f7-55b0-4a26-84be-21cf1b7003d8,2020/08/28,lkoons,2020/08/28,lkoons,./0.png
-104.908312605214,40.5357907039073,ARV318,Yes,2003/02/01,Auto,4933.75,Potable,"0.75",,,Active,ARI,,f9125237-3591-4f47-b0f8-eebb122d848a,2020/08/28,lkoons,2021/11/01,rmaple,./0.png
-104.944352399003,40.5950204152399,ARV83,Yes,,Auto,0,Potable,"8",,108S,Active,Valmatic,,11122fbf-a586-4087-9c2d-145ff79d7872,2021/11/01,rmaple,2020/08/28,lkoons,./0.png
-104.944352477195,40.5950109038571,ARV84,Yes,,Auto,0,Potable,"8",,108S,Active,Valmatic,,bf87ba31-a105-4532-9d3a-3a939ef48cb9,2020/08/28,lkoons,2021/11/01,rmaple,./0.png
-104.944236284904,40.5803373779124,ARV88,Yes,,Auto,0,Potable,"6",,106S,Active,Valmatic,,80967f8c-8b90-448e-a2af-d6c2e1b6a4d5,2020/08/28,lkoons,2020/08/28,lkoons,./0.png
-104.944246150731,40.5803371377605,ARV89,Yes,,Auto,0,Potable,"6",,106S,Active,Valmatic,,06195c3e-139c-4a6e-abdd-b92172603ffd,2020/08/28,lkoons,2020/08/28,lkoons,./0.png
-104.944227164264,40.5635596769545,ARV90,Yes,,Auto,0,Potable,"6",,106S,Active,Valmatic,,195c528d-eb54-4de5-84d1-6a6c9801477a,2020/08/28,lkoons,2021/11/01,rmaple,./0.png
-104.944217144598,40.5635589617519,ARV91,Yes,,Auto,0,Potable,"6",,106S,Active,Valmatic,,d4c60fae-3f2c-4aa0-ba36-3c27f29abac4,2020/08/28,lkoons,2021/11/01,rmaple,./0.png
-104.944284321442,40.5532178363388,ARV92,Yes,,Auto,0,Potable,"6",,106S,Active,Valmatic,,a9882284-e417-471b-b17c-88900add73a4,2020/08/28,lkoons,2021/11/01,rmaple,./0.png
-104.944274443185,40.5532180593046,ARV93,Yes,,Auto,0,Potable,"6",,106S,Active,Valmatic,,b23132ef-3db8-4191-a26f-f70b95be0df5,2020/08/28,lkoons,2021/11/01,rmaple,./0.png
-104.921249269059,40.5381132805832,ARV94,Yes,,Auto,0,Potable,"3",,103S,Active,Valmatic,,abee8ac4-e966-4bc0-8f7a-03368adbb8f1,2020/08/28,lkoons,2021/11/01,rmaple,./0.png
-104.912772471812,40.5378846712171,ARV95,Yes,,Auto,0,Potable,"3",,103S,Active,Valmatic,,71166d63-4e3d-4636-8589-2c5bd82c4447,2020/08/28,lkoons,2021/11/01,rmaple,./0.png
-104.941319631719,40.5373501012174,ARV316,TRUE,,ARV,,'Potable',"6",,106S,Active,Valmatic,,,2021/11/01,rmaple,2021/11/01,rmaple,./0.png
-104.941321177692,40.5373422007238,ARV317,TRUE,,ARV,,Potable,"6",,106S,Active,Valmatic,,,2021/11/01,rmaple,2021/11/01,rmaple,./0.png
